website,email,phone,address
www.urmortgagesource.com,inge@urmortgagesource.com,727-787-2299,"29275 US Hwy 19 N Clearwater, FL 33761"
www.themtgco.com,,(855)870-0887,"470 S Cedar Crest Blvd Allentown, PA 18104"
www.usmresolution.com,info@usmresolution.com,,PA 19087 *US
www.gorammp.com,info@gorammp.com,(732)424-3610,"288 US Highway 22 Green Brook, NJ 08812"
adventasmortgage.com,crosby@adventasmortgage.com,(219)365-6351,"2436 US HWY 41 Schererville, IN 46375"
mortgage-direct.com,enquiry@mortgage-direct.com,02082979511,44-50 Royal Parade Mews Blackheath London SE3 0TN
www.mortgage-maestro.com,ray@mortgage-maestro.com,303.779.0591,"387 N Corona St #646 Denver, CO 80218 Ray"
approvedmortgagefl.com,,(407)605-3111,"41040 US Highway 27 Suite 1 Davenport, FL 33837"
www.mortgage-south.com,nathan@mortgage-south.com,423-624-3878,"6576 Suite B, East Brainerd Rd., Chattanooga, TN 37421"
www.cbcnationalbankmortgage.com,,1-877-499-0572,"4705 West US HWY 90, Lake City, FL, 32055"
www.christianpenner.info,themortgageteam@christianpenner.com,,"712 US Highway One, Suite 300, North Palm Beach, FL 33408"
www.aslcmortgage.com,info@aslcmortgage.com,,"2088 US HWY 130, #100 Monmouth Junction NJ 08852"
www.washingtonequitiesmortgage.com,william@washingtonequitiesmortgage.com,+1-516-256-5323,Ave East Rockaway NY 11518 us
firstlenders.com,,(256)891-0681,"8357 US HWY 431 Albertville, Al 35950"
mortgage-certifications.co.uk,contact-us@mortgage-certifications.co.uk,03334440745,United Kingdom
fha-mortgage-lenders.com,911loan@gmail.com,1-954-667-9110,"2700 N 29th Ave Suite 218C, Hollywood, FL 33020"
www.jsmortgageinc.com,home@jsmortgageinc.com,,"311 Exton Commons, Exton, Pa 19341"
your-mortgage-expert.co.uk,,01722322683,"18 New Canal Salisbury, SP1 2AQ"
www.manningfinancial.com,omelody@bellsouth.net,(772)589-0097,"9412 N US HIGHWAY 1 SEBASTIAN, FL 32958"
www.reatechnologies.com,,28612(828)397-6050,"2551 US Hwy 70, Connelly Springs, NC 28612"
veritymortgage.com,,833-269-2544,"P.O. Box 52371, New Orleans, LA 70152"
www.mortgage-loans-wisconsin.com,,,"8020 Excelsior Drive, Madison WI, 53717"
www.magnoliamortgagecompany.com,info@magmtg.com,251.660.5025,"550 S. University Blvd. Mobile, Alabama 36609"
www.michigan-mortgage-company.com,info@riverbankfinance.com,800-555-2098,"3205 Eaglecrest Dr NE #206 GRAND RAPIDS, MI 49525 United States"
poland-mortgage-direct.com,warsaw@hamiltonmay.com,(+48)224281615,"ul. Sienna 39 00-121 Warsaw, Poland"
www.firstmortgagesolutions.com,info@firstmortgagesolutions.com,855.222.5102,"9237 Ward Parkway, Suite 300 Kansas City, MO 64114"
www.vancouver-mortgage-brokers.com,apamir@mortgagealliance.com,(778)881-3447,"310-130 Brew St Port Moody, BC V3H 0E3"
www.the-mortgage-broker.co.uk,"mail@save-on-mortgages.co.uk, mail@save-on.co.uk",01752408040,"33 The Old Wharf, Oreston, Plymouth, PL9 7NP"
www.florida-mortgage-lenders.com,911loan@gmail.com,(954)667-9110,2700 North 29th Avenue Hollywood FL 33020
synchromortgages.co.uk,mail@synchromortgages.co.uk,01782346491,"Synchro House, 512 Etruria Road, Newcastle Under Lyme, Staffordshire , ST5 0SY"
